၁မည်းတော်,ခမည်းတော်
၁ယမဇ္ဈဂါ,ခယမဇ္ဈဂါ
၁ဿနိက,ဒဿနိက
၁ေါသ,ဒေါသ
၃၁ါန်း,ဥဒါန်း
၃စ္စာ,ဥစ္စာ
၃ပါသကာ,ဥပါသကာ
ကည်သူ,တည်သူ
ကပှိယ,ကပ္ပိယ
ကံပ်,ကပ်
ကမ္ပနိယာမ,ကမ္မနိယာမ
ကမ္မပ္ပဋိတဟန,ကမ္မပ္ပဋိဗာဟန
ကမ္မာ့သမိုင်းမှ,ကမ္ဘာ့သမိုင်းမှ
ကျေးစူး,ကျေးဇူး
ကျောင်းဖရပ်,ကျောင်းဇရပ်
ကျောင်းလှုတ်,ကျောင်းလွှတ်
ကြောက်ရွ’့မှု,ကြောက်ရွံ့မှု
ကြောငဲ့,ကြောင့်
ကြောငဲ့ကြ,ကြောင့်ကြ
ကိသေသာ,ကိလေသာ
ကိုယ်ရောငဲ,ကိုယ်ရောင်
ကိုလေသာ,ကိလေသာ
ကုနဲ၏,ကုန်
ကူလဒူသက,ကုလဒူသက
ကူလဒူသန,ကုလဒူသန
ကူသဖြင့်,တူသဖြင့်
ကောင်းမှ၌,ကောင်းမှု၌
ကဲ့ခဲ့,ကဲ့ရဲ့
ကဲ့ရှဲ,ကဲ့ရဲ့
ခံတုင်း,ခံတွင်း
ခံ့ယူ,ခံယူ
ချမ်းသာစ္စာ,ချမ်းသာစွာ
ခိုက်ရနဲ,ခိုက်ရန်
ခေါင်းဆော့င်,ခေါင်းဆောင်
ဂိုဏဲးဆရာ,ဂိုဏ်းဆရာ
ဃှချေ,လှချေ
ငြင်းစုံ,ငြင်းခုံ
စက်ခဲ၏,ခက်ခဲ၏
စက်စဲသည်။,ခက်ခဲသည်။
စင်စစဲ,စင်စစ်
စင်စစ်ံ,စင်စစ်
စင်စား,ဝင်စား
စဉ်းလ်,စဉ်းလဲ
စည့်ဂေဟာ,ဧည့်ဂေဟာ
စတ္တိယ,ခတ္တိယ
စန္ဓသံယုတ်,ခန္ဓသံယုတ်
စန္ဓာ,ခန္ဓာ
စရီး,ခရီး
စွဲခြား,ခွဲခြား
စသော့,စသော
စာတပထဝီ,ဇာတပထဝီ
စာတုဒ္ဓသီ,စာတုဒ္ဒသီ
စါဒနီယံ,ခါဒနီယံ
စိတ္တစ,စိတ္တဇ
စီးပွှား,စီးပွား
စုပ်စွဲ,စွပ်စွဲ
စုံးရိမ်,စိုးရိမ်
စေရနဲ,စေရန်
စေါ်ကြသည်။,ခေါ်ကြသည်။
စော်င့်,စောင့်
စဲ့သော,ခဲ့သော
ဆက်စပဲ,ဆက်စပ်
ဆယ်ငါး,ဆယ့်ငါး
ဆွမ်းကျေး,ဆွမ်းကျွေး
ဆိင်းရဲ,ဆင်းရဲ
ဆုမ်း,ဆွမ်း
ဆေမျိုး,ဆွေမျိုး
ဆေးမြေ့,ဆွေးမြေ့
ဆဲရေးသညီ,ဆဲရေးသည်
ဇနပုဂ်,ဇနပုဒ်
ဈန်,ဈာန်
ဈာန်း,ဈာန်
ညီညှိတ်,ညီညွတ်
တကျှာ,တဏှာ
တစ်ခေသ,တစ်ဒေသ
တည်းစို,တည်းခို
တည်မြီ,တည်မြဲ
တထှာ,တဏှာ
တန်စိုးဣဒ္ဓိ,တန်ခိုးဣဒ္ဓိ
တဖြသ်းဖြည်း,တဖြည်းဖြည်း
တရားဓံ,တရားခံ
တိစိဝရ,တိစီဝရ
တိတ္တိ,တိတ္ထိ
တိဗင်,တိဗက်
တိဘ္တိ,တိတ္တိ
တိရဏ,တီရဏ
တိုဏ်တွန်း,တိုက်တွန်း
တိုရစ္ဆာန်,တိရစ္ဆာန်
တုညီ,တူညီ
တောဲ,တော်
ထမိုင်း,သမိုင်း
ထိုအဝါ,ထိုအခါ
ထုလ္လစ္စဉး,ထုလ္လစ္စဉ်း
ထောကမ္မိ,ထောကမ္ပိ
ဒနဲပူ,ဒန်ပူ
ဒန်ရည်,ဖန်ရည်
ဒဟာကြား,ဟောကြား
ဒုံက္ကဋ်,ဒုက္ကဋ်
ဒုံက္ခ,ဒုက္ခ
ဒုဇရိုက်,ဒုစရိုက်
ဒုဋ္ဌလ္လ,ဒုဋ္ဌုလ္လ
ဒုတ္မ,ဒုက္ခ
ဒုပ္ပစ,ဒုဗ္ဗစ
ဒေဝါဒတ်,ဒေဝဒတ်
ဓမ္မပ၁,ဓမ္မပဒ
ဓရစ္စမတ်,ခရစ္စမတ်
ဓလွန်ခင်,မလွန်ခင်
ဓိကပ္ပနာ,ဝိကပ္ပနာ
နင်ထုတ်,နှင်ထုတ်
နစ်ဦ,နှစ်ဦး
နညး,နည်း
နပိုက,နဂိုက
နှတ်ပြည်,နတ်ပြည်
နှလှံး,နှလုံး
နှိပဲ,နှိပ်
နိက္ကမဎန,နိက္ကဍ္ဎန
နိဿဂ္ဂပါစိ,နိဿဂ္ဂိပါစိ
နီသီဒိုင်,နိသီဒိုင်
နေ့တွပ်,နေ့တွင်
နေ့တုင်,နေ့တွင်
ပစာန,ပဓာန
ပစ္စသာ,ပစ္စာသာ
ပစ္စုဒ္ဓိရ်,ပစ္စုဒ္ဓိုရ်
ပဉ္စင်းစံ,ပဉ္စင်းခံ
ပညာမဲသူ,ပညာမဲ့သူ
ပတ္ထကလ္လ,ပတ္တကလ္လ
ပထုဇဉ်,ပုထုဇဉ်
ပနူရသီ,ပန္နရသီ
ပဗ္ဗာစနိယ,ပဗ္ဗာဇနိယ
ပံယောဂ,ပယောဂ
ပျက်စှီး,ပျက်စီး
ပျောက်ပျံက်,ပျောက်ပျက်
ပရဗိုဇ်,ပရိဗိုဇ်
ပရမ္မရ,ပရမ္ပရ
ပရိက္ခစောဠ,ပရိက္ခာရစောဠ
ပရိက္ခရ,ပရိက္ခာရ
ပရိနဗ္ဗာန,ပရိနိဗ္ဗာန
ပရိဗိုဇဲ,ပရိဗိုဇ်
ပရိယောဒပေယ၂,ပရိယောဒပေယျ
ပြင့်,ဖြင့်
ပြာသာခ်,ပြာသာဒ်
ပြိမ်းစေ,ငြိမ်းစေ
ပြိုတ္တာ,ပြိတ္တာ
ပြုစွင့်,ပြုခွင့်
ပှင့်,ပွင့်
ပါရာစိက,ပါရာဇိက
ပါရာဖိက,ပါရာဇိက
ပါရာဗီက,ပါရာဇိက
ပိဋပတ်,ပိဋကတ်
ပိုငဲရှငဲ,ပိုင်ရှင်
ပိုဝ်,ပိုင်
ပုဂ္ဂိုလဲ,ပုဂ္ဂိုလ်
ပုဒံ,ပုဒ်
ပူဆိုး,ပုဆိုး
ဖတဲ,ဖတ်
ဖတ်မံသူ,ဖိတ်မံသူ
ဖြင်သော,ဖြစ်သော
ဖြစဲ,ဖြစ်
ဖြစ်သေ့ာကြောင့်,ဖြစ်သောကြောင့်
ဖြည်ဖြည်း,ဖြည်းဖြည်း
ဖိနတ္ထ,ဇိနတ္ထ
ဖိနိပ်,ဖိနှိပ်
ဖိမ်ခံ,ဇိမ်ခံ
ဖီဝ,ဇီဝ
ဖုံးလွှမဲး,ဖုံးလွှမ်း
ဗြုဟ္မာ,ဗြဟ္မာ
ဗိမ္မိသာရ,ဗိမ္ဗိသာရ
ဗုံးကြံ,ဗုံးကြဲ
ဗုဇ္စ,ဗုဒ္ဓ
ဘဋ္ဌကထာ,အဋ္ဌကထာ
ဘတ္တဝါ,သတ္တဝါ
ဘန်ဆာ,တန်ဆာ
ဘန်းတော်,ဘုန်းတော်
ဘပ်,တပ်
ဘယ်အစါမျှ,ဘယ်အခါမျှ
ဘရှက်,အရှက်
ဘဝသီသရာ,ဘဝသံသရာ
ဘိက္ခနုပဿယ,ဘိက္ခုနုပဿယ
ဘိက္ခုံနီ,ဘိက္ခုနီ
ဘိုင်းထက်,တိုင်းထက်
ဘုန်လှပ်,တုန်လှုပ်
ဘုန်လှုပ်,တုန်လှုပ်
ဘူရား,ဘုရား
မကောင်းမူ,မကောင်းမှု
မဂ်ဖိုဏ်,မဂ်ဖိုလ်
မံငဲ့,မငဲ့
မနောဝိဉာဏ်,မနောဝိညာဏ်
မမြီ,မမြဲ
မျက်မြဖ်,မျက်မြင်
မျင်သည့်,ချင်သည့်
မ့ရဘဲ့,မရဘဲ
မြက်သော,မြတ်သော
မြခ်,မြစ်
မြတ်စှာဘုရား,မြတ်စွာဘုရား
မြဘ်,မြတ်
မဝဒနာ,ဝေဒနာ
မဟုက်,မဟုတ်
မီမိ,မိမိ
မုဈ,မုချ
မေးစွန်း,မေးခွန်း
မောင်းမဲ့,မောင်းမဲ
ယဉ်မကျး,ယဉ်ကျေး
ယျေဘုယျ,ယေဘုယျ
ယဝကာလိက,ယာဝကာလိက
ယေ၂၁,ယျော
ရည်ရွယ်ရျက်,ရည်ရွယ်ချက်
ရနဲ,ရန်
ရျို့တဲ့,ချို့တဲ့
ရလားထိန်း,ရထားထိန်း
ရွေးဘင,ရှေးဘဝ
ရဟနီး,ရဟန်း
ရဟန်းသီဃာ,ရဟန်းသံဃာ
ရှံရှာ,ရွံရှာ
ရှိစ္စာ,ရှိစွာ
ရှုတ်စျ,ရှုတ်ချ
ရှေးဘင,ရှေးဘဝ
ရာစဂြိုဟ်,ရာဇဂြိုဟ်
ရိပိသာ,ရိပ်သာ
ရုပဗေဒ,ရူပဗေဒ
ရူပီယ,ရူပိယ
ရော၌,ရော၍
ရဲဟန်း,ရဟန်း
လက်ကံသင့်,လက်ခံသင့်
လယ်ထှုန်,လယ်ထွန်
လျငဲ,လျင်
လှက်မခံ,လက်မခံ
လိစ္ဆပီ,လိစ္ဆဝီ
လိမ္ပာသူ,လိမ္မာသူ
လုက္ခဏာ,လက္ခဏာ
လုပဲ,လုပ်
လုပ်ကျေး,လုပ်ကျွေး
လူဝင်းစား,လူဝင်စား
ဝက္ကု,ဝတ္ထု
ဝန်စံ,ဝန်ခံ
ဝါတဝဋ္ဌိ,ဝါတဝုဋ္ဌိ
ဝိစ္စာ,ဝိဇ္ဇာ
ဝိညူံ,ဝိညူ
ဝိဋကတ်,ပိဋကတ်
ဝီညာဉ်,ဝိညာဉ်
ဝုဒ္ဓဝါဒ,ဗုဒ္ဓဝါဒ
ဝေဋ္ဌု၊,ဝေဠု
သခီတံ,သင်္ခါတံ
သံဃဘောဒက,သံဃဘေဒက
သင်ထို့,သင်တို့
သင်ဟို့,သင်တို့
သင်္ဂန်း,သင်္ကန်း
သင်္ဂါယံနာ,သင်္ဂါယနာ
သင်္ဂါလောဝါဒ,သိင်္ဂါလောဝါဒ
သဉ္စရိတ္ထ,သဉ္စရိတ္တ
သညဲ,သည်
သည်းစုံ,သည်းခံ
သတ္တံဝါ,သတ္တဝါ
သပား,သမား
သဘာတူညီမှု,သဘောတူညီမှု
သမ္ပစာန,သမ္ပဇာန
သမ္ပဇန,သမ္ပဇာန
သမ္ပုတိ,သမ္မုတိ
သံသာရာ,သံသရာ
သှား,သွား
သံဠာယတန,သဠာယတန
သာဒီဝ,သာဇီဝ
သာ့လျှင်,သာလျှင်
သာဝတ္တိ,သာဝတ္ထိ
သာဝတ္တ်,သာဝတ္ထိ
သုတစ်ပါး,သူတစ်ပါး
သူစိယရ,သူစိဃရ
သူတော်တောင်း,သူတော်ကောင်း
သေဈျာ,သေချာ
သေးဈေ,သေးချေ
သေရျာစွာ,သေချာစွာ
ဟလဲလဲ,တလဲလဲ
ဟဿိ,ယဿိ
အကျင့်သီလံ,အကျင့်သီလ
အံကျယ်,အကျယ်
အချင်ချင်း,အချင်းချင်း
အချည်းနီး,အချည်းနှီး
အင်းပျဉ်း,အင်းပျဉ်
အင်္ဂုက္ကရ,အင်္ဂုတ္တရ
အစါ,အခါ
အစါ၌မူ,အခါ၌
အစီးအပ္ပား,အစီးအပွား
အဆေခင်ပွန်း,အဆွေခင်ပွန်း
အညီအညွှတ်,အညီအညွတ်
အတယ်ပါနည်း,အဘယ်ပါနည်း
အတုင်းအပြင်,အတွင်းအပြင်
အထောကဲအထား,အထောက်အထား
အဓိပ္ပာယီ,အဓိပ္ပာယ်
အနျို့သော,အချို့သော
အနှာရမ္ဘ,အနာရမ္ဘ
အနာဂဟ််,အနာဂတ်
အနုတ္တဝါဒ,အနတ္တဝါဒ
အနုပသမ္ပဇ္ဇ,အနုပသမ္ပန္န
အပြခ်,အပြစ်
အပဲသော,အပ်သော
အဖြစဲ,အဖြစ်
အမြီ,အမြဲ
အသင်္က,အသက်
အသာဓရဏ,အသာဓာရဏ
အိပဲရာ,အိပ်ရာ
ဣဒ္ဒိ,ဣဒ္ဓိ
ဥက္ခတ္တက,ဥက္ခိတ္တက
ဥဒ္ဒိသိဿမိ,ဥဒ္ဒိသိဿာမိ
ဥပါတကာ,ဥပါသကာ
ဥပုသဲ,ဥပုသ်
ဧကုန်,ဧကန်
ဧနီး,ဇနီး
ာငဲ့,ာင့်
ဲး,်း